{"arrangeData":[{"totalEdit":3,"editNum":1,"objNum":2,"collectNum":0,"x":211.3961639404297,"z":-234.92669677734375,"dirX":1.0,"dirZ":0.0}]}