{"arrangeData":[{"objNum":8,"collectNum":0,"x":0.0,"z":0.0,"dirX":1.0,"dirZ":0.0},{"objNum":2,"collectNum":0,"x":303.14019775390625,"z":-118.57707977294922,"dirX":1.0,"dirZ":0.0},{"objNum":2,"collectNum":0,"x":211.3961639404297,"z":-234.92669677734375,"dirX":1.0,"dirZ":0.0},{"objNum":0,"collectNum":0,"x":0.0,"z":0.0,"dirX":1.0,"dirZ":0.0}]}