{"x":840,"y":475,"width":800,"height":100,"xNum":10,"yNum":1,"graphPass":"data/UI/image/NumFont.png","size":1.7999999523162842,"frameSpeed":0.4000000059604645}