{"x":1605,"y":88,"width":380,"height":120,"xNum":1,"yNum":1,"graphPass":"data/UI/image/collectFrame.png","size":0.699999988079071,"frameSpeed":0.4000000059604645}