{"x":420,"y":475,"width":2720,"height":559,"xNum":4,"yNum":1,"graphPass":"data/UI/image/CollectIcon.png","size":0.4000000059604645,"frameSpeed":0.4000000059604645}